item_id,module,band,exposure_count,correct_count,p_value,mean_latency_ms
LS-PRE-01,LS,Pre-A1,18,10,0.56,22000
LS-PRE-02,LS,Pre-A1,25,15,0.60,23300
LS-PRE-03,LS,Pre-A1,32,21,0.66,24600
LS-PRE-04,LS,Pre-A1,39,28,0.72,25900
LS-A1-01,LS,A1,21,17,0.81,27200
LS-A1-02,LS,A1,28,15,0.54,28500
LS-A1-03,LS,A1,35,21,0.60,29800
LS-A1-04,LS,A1,42,28,0.67,31100
LS-A1-05,LS,A1,24,18,0.75,32400
LS-A1-06,LS,A1,31,24,0.77,33700
LS-A1-07,LS,A1,38,21,0.55,35000
LS-A1-08,LS,A1,20,12,0.60,36300
LS-A2-01,LS,A2,27,18,0.67,37600
LS-A2-02,LS,A2,34,25,0.74,38900
LS-A2-03,LS,A2,41,32,0.78,22200
LS-A2-04,LS,A2,23,13,0.57,23500
LS-A2-05,LS,A2,30,18,0.60,24800
LS-A2-06,LS,A2,37,25,0.68,26100
LS-A2-07,LS,A2,19,14,0.74,27400
LS-A2-08,LS,A2,26,21,0.81,28700
LS-B1-01,LS,B1,33,18,0.55,30000
LS-B1-02,LS,B1,40,24,0.60,31300
LS-B1-03,LS,B1,22,15,0.68,32600
LS-B1-04,LS,B1,29,21,0.72,33900
LS-B1-05,LS,B1,36,28,0.78,35200
LS-B1-06,LS,B1,18,10,0.56,36500
LS-B1-07,LS,B1,25,15,0.60,37800
LS-B1-08,LS,B1,32,21,0.66,39100
LS-B2-01,LS,B2,39,28,0.72,22400
LS-B2-02,LS,B2,21,17,0.81,23700
LS-B2-03,LS,B2,28,15,0.54,25000
LS-B2-04,LS,B2,35,21,0.60,26300
LS-B2-05,LS,B2,42,28,0.67,27600
LS-B2-06,LS,B2,24,18,0.75,28900
LS-B2-07,LS,B2,31,24,0.77,30200
LS-B2-08,LS,B2,38,21,0.55,31500
LS-C1-01,LS,C1,20,12,0.60,32800
LS-C1-02,LS,C1,27,18,0.67,34100
LS-C1-03,LS,C1,34,25,0.74,35400
LS-C1-04,LS,C1,41,32,0.78,36700
LS-C1-05,LS,C1,23,13,0.57,38000
LS-C1-06,LS,C1,30,18,0.60,39300
LS-C1-07,LS,C1,37,25,0.68,22600
LS-C1-08,LS,C1,19,14,0.74,23900
LS-C2-01,LS,C2,26,21,0.81,25200
LS-C2-02,LS,C2,33,18,0.55,26500
LS-C2-03,LS,C2,40,24,0.60,27800
LS-C2-04,LS,C2,22,15,0.68,29100
LS-C2-05,LS,C2,29,21,0.72,30400
LS-C2-06,LS,C2,36,28,0.78,31700
LS-C2-07,LS,C2,18,10,0.56,33000
LS-C2-08,LS,C2,25,15,0.60,34300
RD-PRE-01,RD,Pre-A1,14,7,0.50,65000
RD-PRE-02,RD,Pre-A1,19,11,0.58,68200
RD-PRE-03,RD,Pre-A1,24,16,0.67,71400
RD-PRE-04,RD,Pre-A1,29,21,0.72,74600
RD-PRE-05,RD,Pre-A1,14,7,0.50,77800
RD-PRE-06,RD,Pre-A1,19,11,0.58,81000
RD-A1-01,RD,A1,24,16,0.67,84200
RD-A1-02,RD,A1,29,21,0.72,87400
RD-A1-03,RD,A1,14,7,0.50,90600
RD-A1-04,RD,A1,19,11,0.58,93800
RD-A1-05,RD,A1,24,16,0.67,97000
RD-A1-06,RD,A1,29,21,0.72,65200
RD-A2-01,RD,A2,14,7,0.50,68400
RD-A2-02,RD,A2,19,11,0.58,71600
RD-A2-03,RD,A2,24,16,0.67,74800
RD-A2-04,RD,A2,29,21,0.72,78000
RD-A2-05,RD,A2,14,7,0.50,81200
RD-A2-06,RD,A2,19,11,0.58,84400
RD-B1-01,RD,B1,24,16,0.67,87600
RD-B1-02,RD,B1,29,21,0.72,90800
RD-B1-03,RD,B1,14,7,0.50,94000
RD-B1-04,RD,B1,19,11,0.58,97200
RD-B1-05,RD,B1,24,16,0.67,65400
RD-B1-06,RD,B1,29,21,0.72,68600
RD-B2-01,RD,B2,14,7,0.50,71800
RD-B2-02,RD,B2,19,11,0.58,75000
RD-B2-03,RD,B2,24,16,0.67,78200
RD-B2-04,RD,B2,29,21,0.72,81400
RD-B2-05,RD,B2,14,7,0.50,84600
RD-B2-06,RD,B2,19,11,0.58,87800
RD-C1-01,RD,C1,24,16,0.67,91000
RD-C1-02,RD,C1,29,21,0.72,94200
RD-C1-03,RD,C1,14,7,0.50,97400
RD-C1-04,RD,C1,19,11,0.58,65600
RD-C1-05,RD,C1,24,16,0.67,68800
RD-C1-06,RD,C1,29,21,0.72,72000
RD-C2-01,RD,C2,14,7,0.50,75200
RD-C2-02,RD,C2,19,11,0.58,78400
RD-C2-03,RD,C2,24,16,0.67,81600
RD-C2-04,RD,C2,29,21,0.72,84800
RD-C2-05,RD,C2,14,7,0.50,88000
RD-C2-06,RD,C2,19,11,0.58,91200
LSN-PRE-01,LSN,Pre-A1,12,6,0.50,54000
LSN-PRE-02,LSN,Pre-A1,18,11,0.61,56800
LSN-PRE-03,LSN,Pre-A1,24,16,0.67,59600
LSN-PRE-04,LSN,Pre-A1,30,22,0.73,62400
LSN-PRE-05,LSN,Pre-A1,14,7,0.50,65200
LSN-PRE-06,LSN,Pre-A1,20,12,0.60,68000
LSN-A1-01,LSN,A1,26,17,0.65,70800
LSN-A1-02,LSN,A1,32,23,0.72,73600
LSN-A1-03,LSN,A1,16,8,0.50,76400
LSN-A1-04,LSN,A1,22,13,0.59,79200
LSN-A1-05,LSN,A1,28,18,0.64,54000
LSN-A1-06,LSN,A1,12,9,0.75,56800
LSN-A2-01,LSN,A2,18,9,0.50,59600
LSN-A2-02,LSN,A2,24,14,0.58,62400
LSN-A2-03,LSN,A2,30,20,0.67,65200
LSN-A2-04,LSN,A2,14,10,0.71,68000
LSN-A2-05,LSN,A2,20,10,0.50,70800
LSN-A2-06,LSN,A2,26,15,0.58,73600
LSN-B1-01,LSN,B1,32,21,0.66,76400
LSN-B1-02,LSN,B1,16,12,0.75,79200
LSN-B1-03,LSN,B1,22,11,0.50,54000
LSN-B1-04,LSN,B1,28,17,0.61,56800
LSN-B1-05,LSN,B1,12,8,0.67,59600
LSN-B1-06,LSN,B1,18,13,0.72,62400
LSN-B2-01,LSN,B2,24,12,0.50,65200
LSN-B2-02,LSN,B2,30,18,0.60,68000
LSN-B2-03,LSN,B2,14,9,0.64,70800
LSN-B2-04,LSN,B2,20,15,0.75,73600
LSN-B2-05,LSN,B2,26,14,0.54,76400
LSN-B2-06,LSN,B2,32,19,0.59,79200
LSN-C1-01,LSN,C1,16,11,0.69,54000
LSN-C1-02,LSN,C1,22,16,0.73,56800
LSN-C1-03,LSN,C1,28,15,0.54,59600
LSN-C1-04,LSN,C1,12,7,0.58,62400
LSN-C1-05,LSN,C1,18,12,0.67,65200
LSN-C1-06,LSN,C1,24,18,0.75,68000
LSN-C2-01,LSN,C2,30,16,0.53,70800
LSN-C2-02,LSN,C2,14,8,0.57,73600
LSN-C2-03,LSN,C2,20,13,0.65,76400
LSN-C2-04,LSN,C2,26,19,0.73,79200
LSN-C2-05,LSN,C2,32,17,0.53,54000
LSN-C2-06,LSN,C2,16,9,0.56,56800
